TURN,ACC
0,0.581655249924481
1,0.878902848854772
2,0.994570939282478
3,0.983294407573254
