ITERATION,ACC
1,0.869552739390742
2,0.999739662849542
3,0.999479325699085
