ITERATION,ACC
1,0.581655249924481
2,0.878902848854772
3,0.994570939282478
4,0.983294407573254
